ProductID,TotalSalesValue
782,4400592.800400
783,4009494.761841
779,3693678.025272
780,3438478.860423
781,3434256.941928
